{"cameraMode":{"drawMode":0,"name":"Shaded","section":"Shading Mode"},"sceneLighting":true,"audioPlay":false,"sceneViewState":{"showFog":true,"showMaterialUpdate":false,"showSkybox":true,"showFlares":true,"showImageEffects":true,"showParticleSystems":true},"in2DMode":false,"pivot":{"x":0.6001414060592651,"y":1.629825472831726,"z":0.8830693960189819},"rotation":{"x":-0.09757648408412934,"y":0.6791768074035645,"z":-0.09183318167924881,"w":-0.7216430306434631},"size":0.9734331965446472,"orthographic":false}