{"cameraMode":{"drawMode":0,"name":"Shaded","section":"Shading Mode"},"sceneLighting":true,"audioPlay":false,"sceneViewState":{"showFog":true,"showMaterialUpdate":false,"showSkybox":true,"showFlares":true,"showImageEffects":true,"showParticleSystems":true},"in2DMode":false,"pivot":{"x":2.8397703170776369,"y":2.6919240951538088,"z":5.0907111167907719},"rotation":{"x":-0.006868421100080013,"y":0.9929913282394409,"z":-0.07461436837911606,"w":-0.09141944348812103},"size":2.509107828140259,"orthographic":false}