{"cameraMode":{"drawMode":0,"name":"Shaded","section":"Shading Mode"},"sceneLighting":true,"audioPlay":false,"sceneViewState":{"showFog":true,"showMaterialUpdate":false,"showSkybox":true,"showFlares":true,"showImageEffects":true,"showParticleSystems":true},"in2DMode":false,"pivot":{"x":0.5066437721252441,"y":0.31099724769592287,"z":-0.30699265003204348},"rotation":{"x":0.5077617764472961,"y":-0.04518617317080498,"z":0.026682017371058465,"w":0.859898030757904},"size":4.2885966300964359,"orthographic":false}